AG.AGR.TRAC.NO,AG.LND.AGRI.K2,AG.LND.AGRI.ZS,AG.LND.ARBL.HA,AG.LND.ARBL.HA.PC,AG.LND.ARBL.ZS,AG.LND.CREL.HA,AG.LND.CROP.ZS,AG.LND.TOTL.K2,AG.LND.TRAC.ZS,AG.PRD.CREL.MT,AG.PRD.CROP.XD,AG.PRD.FOOD.XD,AG.PRD.LVSK.XD,AG.SRF.TOTL.K2,AG.YLD.CREL.KG,BX.GRT.EXTA.CD.WD,BX.GRT.TECH.CD.WD,DC.DAC.AUTL.CD,DC.DAC.CANL.CD,DC.DAC.CECL.CD,DC.DAC.CHEL.CD,DC.DAC.DEUL.CD,DC.DAC.FRAL.CD,DC.DAC.GBRL.CD,DC.DAC.ITAL.CD,DC.DAC.JPNL.CD,DC.DAC.NLDL.CD,DC.DAC.SWEL.CD,DC.DAC.TOTL.CD,DC.DAC.USAL.CD,DT.ODA.ALLD.CD,DT.ODA.ALLD.KD,DT.ODA.ODAT.CD,DT.ODA.ODAT.GI.ZS,DT.ODA.ODAT.GN.ZS,DT.ODA.ODAT.KD,DT.ODA.ODAT.PC.ZS,EN.ATM.CO2E.GF.KT,EN.ATM.CO2E.GF.ZS,EN.ATM.CO2E.KD.GD,EN.ATM.CO2E.KT,EN.ATM.CO2E.LF.KT,EN.ATM.CO2E.LF.ZS,EN.ATM.CO2E.PC,EN.ATM.CO2E.SF.KT,EN.ATM.CO2E.SF.ZS,EN.POP.DNST,EN.URB.LCTY,EN.URB.LCTY.UR.ZS,EN.URB.MCTY,EN.URB.MCTY.TL.ZS,ER.FSH.AQUA.MT,ER.FSH.CAPT.MT,ER.FSH.PROD.MT,FD.AST.PRVT.GD.ZS,FI.RES.TOTL.CD,FI.RES.XGLD.CD,FM.AST.CGOV.ZG.M3,FM.AST.DOMS.CN,FM.AST.NFRG.CN,FM.AST.PRVT.ZG.M3,FM.LBL.BMNY.CN,FM.LBL.BMNY.GD.ZS,FM.LBL.BMNY.IR.ZS,FM.LBL.BMNY.ZG,FP.CPI.TOTL,FP.CPI.TOTL.ZG,FP.WPI.TOTL,FS.AST.CGOV.GD.ZS,FS.AST.DOMS.GD.ZS,FS.AST.PRVT.GD.ZS,IP.PAT.NRES,IP.PAT.RESD,IP.TMK.NRES,IP.TMK.RESD,IP.TMK.TOTL,MS.MIL.MPRT.KD,NE.CON.GOVT.CD,NE.CON.GOVT.CN,NE.CON.GOVT.KD,NE.CON.GOVT.KD.ZG,NE.CON.GOVT.KN,NE.CON.GOVT.ZS,NE.CON.PETC.CD,NE.CON.PETC.CN,NE.CON.PETC.KD,NE.CON.PETC.KD.ZG,NE.CON.PETC.KN,NE.CON.PETC.ZS,NE.CON.PRVT.CD,NE.CON.PRVT.CN,NE.CON.PRVT.KD,NE.CON.PRVT.KD.ZG,NE.CON.PRVT.KN,NE.CON.PRVT.PC.KD,NE.CON.PRVT.PC.KD.ZG,NE.CON.TETC.CD,NE.CON.TETC.CN,NE.CON.TETC.KD,NE.CON.TETC.KD.ZG,NE.CON.TETC.KN,NE.CON.TETC.ZS,NE.CON.TOTL.CD,NE.CON.TOTL.CN,NE.CON.TOTL.KD,NE.CON.TOTL.KN,NE.DAB.DEFL.ZS,NE.DAB.TOTL.CD,NE.DAB.TOTL.CN,NE.DAB.TOTL.KD,NE.DAB.TOTL.KN,NE.DAB.TOTL.ZS,NE.EXP.GNFS.CD,NE.EXP.GNFS.CN,NE.EXP.GNFS.KD,NE.EXP.GNFS.KD.ZG,NE.EXP.GNFS.KN,NE.EXP.GNFS.ZS,NE.GDI.FTOT.CD,NE.GDI.FTOT.CN,NE.GDI.FTOT.KD,NE.GDI.FTOT.KD.ZG,NE.GDI.FTOT.KN,NE.GDI.FTOT.ZS,NE.GDI.STKB.CD,NE.GDI.STKB.CN,NE.GDI.STKB.KN,NE.GDI.TOTL.CD,NE.GDI.TOTL.CN,NE.GDI.TOTL.KD,NE.GDI.TOTL.KD.ZG,NE.GDI.TOTL.KN,NE.GDI.TOTL.ZS,NE.IMP.GNFS.CD,NE.IMP.GNFS.CN,NE.IMP.GNFS.KD,NE.IMP.GNFS.KD.ZG,NE.IMP.GNFS.KN,NE.IMP.GNFS.ZS,NE.RSB.GNFS.CD,NE.RSB.GNFS.CN,NE.RSB.GNFS.KN,NE.RSB.GNFS.ZS,NE.TRD.GNFS.ZS,NV.AGR.TOTL.CD,NV.AGR.TOTL.CN,NV.AGR.TOTL.KD,NV.AGR.TOTL.KD.ZG,NV.AGR.TOTL.KN,NV.AGR.TOTL.ZS,NV.IND.MANF.CD,NV.IND.MANF.CN,NV.IND.MANF.KD,NV.IND.MANF.KD.ZG,NV.IND.MANF.KN,NV.IND.MANF.ZS,NV.IND.TOTL.CD,NV.IND.TOTL.CN,NV.IND.TOTL.KD,NV.IND.TOTL.KD.ZG,NV.IND.TOTL.KN,NV.IND.TOTL.ZS,NV.MNF.CHEM.ZS.UN,NV.MNF.FBTO.ZS.UN,NV.MNF.MTRN.ZS.UN,NV.MNF.OTHR.ZS.UN,NV.MNF.TXTL.ZS.UN,NV.SRV.TETC.CD,NV.SRV.TETC.CN,NV.SRV.TETC.KD,NV.SRV.TETC.KD.ZG,NV.SRV.TETC.KN,NV.SRV.TETC.ZS,NY.EXP.CAPM.KN,NY.GDP.DEFL.KD.ZG,NY.GDP.DEFL.ZS,NY.GDP.DISC.CN,NY.GDP.DISC.KN,NY.GDP.FCST.CD,NY.GDP.FCST.CN,NY.GDP.FCST.KD,NY.GDP.FCST.KN,NY.GDP.MKTP.CD,NY.GDP.MKTP.CN,NY.GDP.MKTP.KD,NY.GDP.MKTP.KD.ZG,NY.GDP.MKTP.KN,NY.GDP.PCAP.CD,NY.GDP.PCAP.CN,NY.GDP.PCAP.KD,NY.GDP.PCAP.KD.ZG,NY.GDP.PCAP.KN,NY.GDS.TOTL.CD,NY.GDS.TOTL.CN,NY.GDS.TOTL.ZS,NY.GDY.TOTL.KN,NY.GNP.ATLS.CD,NY.GNP.MKTP.CD,NY.GNP.MKTP.CN,NY.GNP.MKTP.KD,NY.GNP.MKTP.KD.ZG,NY.GNP.MKTP.KN,NY.GNP.PCAP.CD,NY.GNP.PCAP.CN,NY.GNP.PCAP.KD,NY.GNP.PCAP.KD.ZG,NY.GNP.PCAP.KN,NY.GSR.NFCY.CD,NY.GSR.NFCY.CN,NY.TAX.NIND.CD,NY.TAX.NIND.CN,NY.TAX.NIND.KN,NY.TRF.NCTR.CD,NY.TRF.NCTR.CN,NY.TTF.GNFS.KN,PA.NUS.ATLS,PA.NUS.FCRF,SH.DTH.IMRT,SH.DTH.MORT,SH.DYN.MORT,SP.ADO.TFRT,SP.DYN.AMRT.FE,SP.DYN.AMRT.MA,SP.DYN.CBRT.IN,SP.DYN.CDRT.IN,SP.DYN.IMRT.IN,SP.DYN.LE00.FE.IN,SP.DYN.LE00.IN,SP.DYN.LE00.MA.IN,SP.DYN.TFRT.IN,SP.DYN.TO65.FE.ZS,SP.DYN.TO65.MA.ZS,SP.POP.0014.TO.ZS,SP.POP.1564.TO.ZS,SP.POP.65UP.TO.ZS,SP.POP.DPND,SP.POP.DPND.OL,SP.POP.DPND.YG,SP.POP.GROW,SP.POP.TOTL,SP.POP.TOTL.FE.ZS,SP.RUR.TOTL,SP.RUR.TOTL.ZG,SP.RUR.TOTL.ZS,SP.URB.GROW,SP.URB.TOTL,SP.URB.TOTL.IN.ZS,TG.VAL.TOTL.GD.ZS,TM.VAL.AGRI.ZS.UN,TM.VAL.FOOD.ZS.UN,TM.VAL.FUEL.ZS.UN,TM.VAL.MANF.ZS.UN,TM.VAL.MMTL.ZS.UN,TM.VAL.MRCH.AL.ZS,TM.VAL.MRCH.CD.WT,TM.VAL.MRCH.HI.ZS,TM.VAL.MRCH.OR.ZS,TM.VAL.MRCH.R1.ZS,TM.VAL.MRCH.R3.ZS,TM.VAL.MRCH.R4.ZS,TM.VAL.MRCH.R5.ZS,TM.VAL.MRCH.R6.ZS,TM.VAL.MRCH.RS.ZS,TM.VAL.MRCH.WL.CD,TM.VAL.MRCH.WR.ZS,TX.VAL.AGRI.ZS.UN,TX.VAL.FOOD.ZS.UN,TX.VAL.FUEL.ZS.UN,TX.VAL.MANF.ZS.UN,TX.VAL.MMTL.ZS.UN,TX.VAL.MRCH.AL.ZS,TX.VAL.MRCH.CD.WT,TX.VAL.MRCH.HI.ZS,TX.VAL.MRCH.OR.ZS,TX.VAL.MRCH.R1.ZS,TX.VAL.MRCH.R3.ZS,TX.VAL.MRCH.R4.ZS,TX.VAL.MRCH.R5.ZS,TX.VAL.MRCH.R6.ZS,TX.VAL.MRCH.RS.ZS,TX.VAL.MRCH.WL.CD,TX.VAL.MRCH.WR.ZS
140000.0,1348750.0,49.2839890524685,19600000.0,0.906490634818629,7.1619364999324,11468110.0,0.323748762190822,2736690.0,71.4285714285714,17331100.0,29.11,43.17,70.95,2780400.0,1511.2,5480000.0,1140000.0,-540000.0,12840000.0,0,1060000.0,1560000.0,-1100000.0,9210000.0,1340000.0,-6380000.0,1300000.0,40000.0,30330000.0,11000000.0,37800000.0,298330000.0,37800000.0,1.13212869888939,0.20165429268539,298330000.0,1.74823193857878,5834.197,11.648850490555,0.436642737502412,50083.886,40678.031,81.2197979206326,2.31635579664918,2306.543,4.60535949626593,7.90072861741739,7024044.0,43.1367676920899,8396996.0,38.8357052786198,2.0,130571.0,130573.0,9.902517499191,269807439.997782,192000000.0,16.7213114754098,0.0451,-0.0009,10.8196721311475,0.0406,16.0176179468986,10.8475843341177,33.1147540983606,0,23.8993710691822,0,6.43071853533121,17.9507787335933,11.520060198262,0,0,0,0,24240.0,19000000.0,1873293728.3737,0.0259863306,0,0,0,10.2521949604089,13059986418.613,0.181168131599,0,0,0,71.4749240420253,13112305363.3218,0.1818939,0,0,0,0,0,14933280146.9867,0.207154462199,89999241206.5499,-4.03023479683655,143818896923.099,81.7271190024342,14985584991.3495,0.207880035,87926103589.3782,140506020489.095,1.40915198497269e-10,18272123140.0663,0.253470892199,112952006003.898,179874772133.903,99.9999978301256,1441753539.50404,0.0200000051,7454679353.62726,0.0,14415300106.7166,7.89045420265575,3338776658.01615,0.0463155098,18531402982.7661,-13.4920725012802,33385945195.2375,18.2725157879862,0.0,0.0,514292388.052595,3338842993.07958,0.04631643,19452151544.4228,-17.7420093265891,34499894917.6177,18.2728788276914,1441753143.02191,0.0199999996,5704477583.54822,-23.0833969136606,13222250913.5235,7.8904520327814,396.482122051978,5.49999999710504e-09,377470530.884364,2.16987435127025e-06,15.7809062354371,0,0,0,0,0,0,0,0,0,0,0,0,0,0,0,0,0,0,0,0,0,0,0,0,0,0,0,0,0,13222254549.6426,25.5911543476777,1.39986716491777e-10,-0.000725768401000043,0,0,0,0,0,18272123536.5484,0.253470897699,114702207773.977,-5.30819682651725,181067821327.096,845.076982863786,1.17229079062864e-08,5304.92230306792,-6.7716471945992,8374.30021938905,3338843389.56171,0.0463164355,18.2728809975658,179874775770.022,0,18744951816.609,0.2600299716,117782999090.798,-5.25029910525606,185722446215.644,0,1.20262619401813e-08,5447.40742942142,-6.71464427561919,8589.57439643303,472828280.060554,0.00655907390100001,0,0,0,0,0,-1193045557.07403,1.3872e-11,1.3871666666625e-11,0,0,0,60.9582,146.334,250.998,23.038,8.821,0,68.685,65.5093902439024,62.485,3.078,73.2326,58.9988,30.4495060435407,63.5570322514105,5.99346170504876,57.3390016142245,9.43005280885459,47.9089488053699,1.55755506497563,21621845.0,49.4097289107382,5338650.0,-0.613829661753746,24.691,2.27985862700763,16283195.0,75.309,12.8381356184893,7.56826997789063,4.13659507747678,5.86968885291662,78.2700226968904,3.96414939824762,0.0,980700000.0,84.1129198433958,11.7865237997115,0.041211621677313,9.09746548526685,0.0,2.10179270554296,0.247269730063878,4.10055635689264,970600000.0,0,20.4592700397019,72.1241541588727,0.822615007036755,5.72574389749395,0.8338185685096,0.593667546174142,1365100000.0,80.7314570507183,12.01260627382,0.476399882732337,10.3415420697743,0.608326004104368,0.20521841102316,0.168572266197596,7.25593667546174,1364400000.0,0
1500.0,298070.0,27.5150004615527,1304000.0,0.333214340379982,1.20372934551832,475397.0,0.127388535031847,1083300.0,11.5030674846626,449507.0,23.74,22.2,20.81,1098580.0,945.5,32750000.0,1460000.0,10000.0,0,0,10000.0,2280000.0,0,550000.0,-60000.0,40000.0,0,10000.0,46840000.0,44000000.0,53500000.0,338170000.0,53500000.0,80.1149125,0,338170000.0,13.6709871244855,84.341,6.94864048338369,0.219628344947075,1213.777,1100.1,90.6344410876133,0.310159434373768,3.667,0.302114803625378,3.61247761469584,481116.0,32.6483802911045,732958.0,18.7294567865208,0,1400.0,1400.0,3.48066714538669,10404576.4399429,8400000.0,2.99247606019152,982.8,-81.0,28.5225718194254,701.6,8.12117083206951,5.62879727442558,19.9726402188783,2.5365575185736e-05,-0.706357214552431,0,7.8954541399011,11.3761212852878,3.48066714538669,0,0,0,0,0,4000000.0,41736923.8217666,500.0,511721070.503309,7.73809495123862,670681600.0,5.78760749149766,662711263.961001,7939.1484,4143733629.17575,2.34396769559811,7826098700.0,91.8973495119033,417369238.217666,5000.0,2849439153.52143,5.61739118625302,5381618200.0,728.124223921424,3.58511713541789,704448187.782768,8439.1484,4663228032.77648,5.48718125492445,8317540400.0,97.6849570034009,450758777.27508,5400.0,3397691709.60866,6060273500.0,9.77672380718452e-05,771227265.897594,9239.1484,5552198686.56808,9450147700.0,106.945128989797,100168617.17224,1200.0,1115326683.20575,18.9686916582181,1412378700.0,13.8902579795944,75126462.87918,900.0,587937065.601555,8.12133299270499,1002615500.0,10.4176934846958,0,0,0,66779078.1148266,800.0,665154452.250325,1.49253824965301,1132607300.0,9.26017198639625,150252925.75836,1800.0,1141021036.77215,7.7127634095135,1697728400.0,20.8353869693916,-50084308.58612,-600.0,0,-6.94512898979719,34.7256449489859,0,0,0,0,0,0,0,0,0,0,0,0,0,0,0,0,0,0,0,0,0,0,0,0,0,0,0,0,0,1131818933.33333,1.18131801480234,9.42644715137202e-05,2939.1484,2265240600.0,0,0,0,0,721142957.311474,8639.1484,5526504333.00168,6.42070158067196,9164798000.0,184.275440828384,0.00220758292603587,1412.20130055849,4.37297035132669,2341.90346647682,16694769.5287067,200.0,2.31504299659906,8884238233.33333,0,0,0,0,0,0,0,0,0,0,0,0,0,0,0,0,0,0,-280559766.666667,1.19798e-05,1.188e-05,26418.0,43925.0,270.8,101.1998,372.104,414.905,43.778,22.508,165.0,44.427,43.0891463414634,41.815,6.597,38.15334,33.20801,42.8763552483942,52.7800016200759,4.34364313152997,89.4657008914587,8.22971390337697,81.2359869880818,1.94293844644402,3913397.0,50.3861223382141,2439768.0,1.4644983760218,62.344,2.74011984802689,1473629.0,37.656,23.6125165299858,2.53346746982704,26.4926443877786,1.79758557411497,68.3100944783771,0.47580110069894,0.0,103280000.0,89.4990366088632,0,0,4.04624277456647,0.0,0.385356454720617,0,6.45472061657033,103800000.0,4.04624277456647,0.881444218885939,2.26594951762439,2.20044449151714,7.07977680565857,87.5701628048519,0.0,67000000.0,98.6095017381228,0,0,0.926998841251448,0.0,0.0,0,0.463499420625724,86300000.0,0.926998841251448
93000.0,1615110.0,19.3237969213246,26000000.0,0.32758607503664,3.11073994931887,12565288.0,0.743107916354596,8358140.0,35.7692307692308,16616892.0,24.82,16.73,14.09,8515770.0,1322.4,89330000.0,2060000.0,0,1050000.0,0,70000.0,18700000.0,17300000.0,0,8030000.0,15200000.0,0,10000.0,198360000.0,138000000.0,197240000.0,1430490000.0,197240000.0,4.44844405119845,0.856765174087018,1430490000.0,2.48511836308565,165.015,0.296696775895035,0.192651338983417,55617.389,46948.601,84.4135293729808,0.700749314088307,5423.493,9.75143403441683,9.49594682548988,5084497.0,13.053086854693,17965787.0,22.6359294164396,0.0,335588.0,335588.0,9.31718219211127,355042319.991846,69000000.0,28.0892103676915,0.00116218181818182,-0.000243272726363636,42.07353827607,0.000991636363636363,20.623340777506,13.3724839171215,64.376130198915,0,0,9.01184843941717e-13,8.62141858685622,24.1702226347302,14.8757283862686,0,0,0,0,0,131000000.0,2966120462.55023,0.000619511,76057644225.4804,7.23723611701151,54680084500.0,12.8841447701273,15638608495.2289,0.0032663171,169308806325.886,-0.379749773481038,143971979800.0,67.9305167810458,15638607058.8764,0.0032663168,160878089504.93,-0.697513118934936,136803024900.0,2026.97776539666,-3.65137740160469,18604728957.7791,0.0038858281,237926817480.403,1.6067858015614,198652064300.0,80.8146615511731,18604727521.4267,0.0038858278,233854851182.099,191483109400.0,2.08886616318975e-12,23038638831.2069,0.0048119051,290530458058.365,230359665200.0,100.07454577645,2080325261.99351,0.0004345017,8736697061.95513,27.9999537191718,8263980500.0,9.03645424482606,0,0,0,0,0,0,0,0,0,4433909873.4278,0.000926077,42253805244.5378,-9.47706080079088,31707600900.0,19.2598842252764,2097486800.99115,0.0004380861,10572618692.5857,-2.43879567951018,13052010500.0,9.11100002127562,-17161538.9976371,-3.58440000000003e-06,-4788029952.0,-0.0745457764495622,18.1474542661017,3482148271.75638,0.0007272898,0,0,0,16.7939143524218,6257148156.92859,0.0013068829,0,0,0,30.1773508871493,8003875297.24114,0.0016717085,0,0,0,38.6015717135254,0,0,0,0,0,9248559434.5238,0.0019316762,0,0,0,44.6045093158348,12945219559.9629,69.7663875305848,2.13161583713164e-12,3e-10,7168954900.0,20734583961.0896,0.0043306747,0,0,23021477292.2093,0.0048083207,288694536427.735,0.87467259240843,225571635200.0,290.058284142306,6.05822656011703e-11,3637.39654126476,-2.12595812445974,2842.08179287556,4416748334.43017,0.0009224926,19.1853384488268,230252874259.963,19707773087.5974,23021477292.2093,0.0048083207,288911688148.551,0.87467259240843,225571635200.0,250.0,6.05822656011703e-11,3640.1325366459,-2.12595812445974,2842.08179287556,0.0,0.0,2286893809.9038,0.0004776461,0,0,0,4681239059.96287,2.08862387020975e-13,2.488693976762e-13,405159.0,526106.0,158.4,90.3824,266.778,303.449,41.694,12.419,119.9,57.877,55.7513902439024,53.727,6.063,55.54545,48.78316,43.8731960669562,52.8614952341329,3.26530869891089,89.173612205032,6.17710241537486,82.9965097896571,3.01975159120558,79368453.0,50.1710320598034,40416004.0,1.11545174710781,50.922,5.03469887504102,38952449.0,49.078,12.5665263061942,2.94916518659047,17.0645100727179,17.4468287626032,56.3236605191582,6.04870146189196,5.59810233819044,1487000000.0,88.5733649610302,1.84344290071162,0,2.39240935276178,0.840393087089122,0.0474415452389021,0.203320908166723,7.19078278549644,1623050000.0,2.39240935276178,15.1954920508818,73.75692538064,0.66962834270723,2.96236139142604,7.17038527834609,1.04485038026868,1406000000.0,87.3196389224536,3.90930414386239,1.49975122609994,0.732106048759684,0.88847821451418,0.234558248631744,0.724998223043571,8.0389508849243,1406900000.0,0.732106048759684
33650.0,137260.0,18.4605370044598,3680000.0,0.446734498282561,4.94934985985808,991550.0,0.263606677318528,743532.0,91.4402173913043,1561408.0,30.28,29.24,28.16,756096.0,1574.7,13090000.0,2010000.0,0,5410000.0,0,70000.0,7580000.0,300000.0,850000.0,4660000.0,30000.0,0,40000.0,128940000.0,110000000.0,141890000.0,937550000.0,141890000.0,14.3880980918671,2.73098090877858,937550000.0,17.2247711851393,102.676,0.591590957109656,0.534852576119399,17355.911,9101.494,52.4403126980773,2.10692505239722,4605.752,26.5370800760617,11.0789515447889,2166780.0,37.4696252518692,2166780.0,26.3036787007795,100.0,773791.0,773891.0,10.8820479657483,76908079.998774,33900000.0,-29.6907216494845,1302000.0,-528000.0,15.3951890034364,1204000.0,13.4241657282387,9.57006093226738,-17.2508591065292,0,44.2374695449843,0,2.48636956594454,14.5168303805372,12.0304608145926,833.0,145.0,3200.0,5390.0,8590.0,127000000.0,489046519.449808,800000.0,5731662296.71951,-0.296568657451957,2582528207900.0,8.91971144733468,4129814464.30884,6755700.0,16829105255.1459,-4.57972571274617,8275497755900.0,75.3236182809486,4135499630.09744,6765000.0,14745952626.7197,2.36121460588772,7207255457000.0,1790.08851858588,0.0823926999509155,4618860983.75864,7555700.0,23646317290.7043,4.05000498192345,11460001801800.0,84.2433297282833,4624546149.54725,7565000.0,19386564519.8215,9344304733300.0,6.23231954926275e-05,5605023290.22918,9168900.0,31870492739.4901,14711857964800.0,102.229927861834,672438964.243486,1100000.0,3633520931.35353,5.27797530889383,1669641534000.0,12.2646032400852,1042891702.72672,1706000.0,5468619111.09223,14.7617221429054,2724705546800.0,19.0212846614412,-56729396.2561777,-92800.0,284333459400.0,986162306.470538,1613200.0,6566126317.12234,12.396551807106,3251856163000.0,17.9865981335504,794700594.105938,1300000.0,3054116680.6766,2.60507299885147,1730295685700.0,14.4945311019189,-122261629.862452,-200000.0,112162511489.439,-2.22992786183367,26.759134342004,427915704.518582,700000.0,1414710158.24211,6.20228974337407,601676267200.0,8.12583434906263,1222616298.62452,2000000.0,5999037504.86966,3.93744577022778,2630855894200.0,23.2166695687504,2017316892.73046,3300000.0,19037401638.5686,7.59347897737396,7996643411600.0,38.3075047884381,8.38323353293413,25.1497005988024,7.78443113772455,40.1197604790419,18.562874251497,2820881455.00142,4614500.0,16223345182.1175,5.42292282510452,7588995739800.0,53.5666608624993,1464096349438.46,43.9459788410862,6.12161301857032e-05,-9299.99999999988,1670218136900.0,5266114052.25046,8614500.0,34573173032.5714,15464898010500.0,5482761660.36673,8968900.0,32449896990.1671,6.11656483558609,14651203813100.0,665.581190094237,1.08878180479523,3939.26316609322,3.75413924830524,1778586.46322847,863900676.608086,1413200.0,15.7566702717167,14445658628538.5,5312149290.11441,5195569091.81983,8499100.0,30956662490.4205,5.50823171134458,13897391374109.2,640.0,1.03175031911775,3757.99159950015,3.15934917213096,1687077.21819268,-287192568.5469,-469800.0,216647608.116265,354400.0,718147420100.0,12042770.5414515,19700.0,-205545184561.539,0.0016358362,0.00162178598526937,31758.0,38360.0,135.8,90.1584,204.813,304.441,34.804,11.502,111.9,61.968,59.0464390243903,56.264,4.94,62.36958,50.79569,39.1683576012543,55.6899953930505,5.14164700569526,79.5654664616455,9.23262242958792,70.3328440320576,2.25141034958963,8237555.0,50.6323781753202,2454791.0,-0.283329119372472,29.8,3.34714478038324,5782764.0,70.2,21.6118276409036,8.05944198054966,21.4370548144457,4.90963901849357,63.1590348479609,1.92377189940883,0.109872861403233,663425000.0,82.7342646366347,0,0,12.2743682310469,0.109872861403233,1.75796578245173,0,17.2657353633652,637100000.0,0,2.3731280279448,6.29873388112218,0.00708478711880827,3.87106122147619,87.2819535818357,0.0184638109305761,521500000.0,91.1004431314623,0,0,6.794682422452,0.0184638109305761,0.129246676514032,0,8.89955686853767,541600000.0,0
20380.0,414930.0,37.3979269941415,3550000.0,0.196855327637135,3.199639477242,1119160.0,1.30058584948175,1109500.0,57.4084507042254,1551280.0,32.72,29.17,30.86,1141750.0,1386.1,24220000.0,1940000.0,-40000.0,0,0,0,180000.0,0,0,180000.0,30000.0,0,10000.0,67360000.0,67000000.0,74740000.0,453400000.0,74740000.0,8.75383510596564,1.55823939546927,453400000.0,4.14449779932379,1305.452,6.14110746938071,0.510139502533451,21257.599,10476.619,49.2841124719683,1.17878073687995,8221.414,38.6751768155943,16.2537611536728,1564662.0,17.7315366329955,3987790.0,22.1131748450166,0,47700.0,47700.0,21.4054911137579,87126679.998229,25000000.0,3.40838412737903,12576000000.0,-1132000000.0,18.8207488493594,9282000000.0,21.3136417633449,11.8371701223356,15.4621221544968,0.082027417437849,26.3554355250467,0.0922488386302087,6.2985692045739,28.8774357698583,22.5788665652844,951.0,96.0,951.0,1250.0,2201.0,20000000.0,358564266.666667,3227078400.0,2950046948.45553,5.76261569112128,4272342515900.0,7.41012636929844,3644254788.88889,32798293100.0,28893147593.0574,2.95068663631027,44700832547793.4,75.3125478972835,3629968500.0,32669716500.0,30613385157.7261,4.8505891593522,47379217661000.0,1697.5797085369,1.74940147587506,4002819055.55556,36025371500.0,32631985926.5973,4.80096681816052,49799899231400.0,82.722674266582,3995653011.11111,35960877100.0,32104080144.8084,49008292455000.0,0.0718071902154234,4856616266.66667,43709546400.0,40342152652.7509,60870709839600.0,100.367336092211,579510844.444444,5215597600.0,4269156006.46799,-2.41426465644678,6384062604700.0,11.9762312893947,835510266.666667,7519592400.0,0,0,0,17.2667419327699,18286933.3333333,164582400.0,0,853797211.111111,7684174900.0,6737763982.18273,-3.42663178112967,11070810608200.0,17.6446618256288,597285655.555556,5375570900.0,2941140216.21322,-0.162184387691283,5610204964800.0,12.3435673816054,-17774811.1111111,-159973300.0,-206768688356.449,-0.367336092210741,24.3197986710001,0,0,0,0,0,0,0,0,0,0,0,0,0,0,0,0,0,0,9.99087591240876,32.9607664233577,3.6382299270073,32.4931569343066,20.9169708029197,0,0,0,0,0,0,5443249116092.76,23.4218882130001,0.0706462465074193,128576600.0,-1851660945500.0,4875718655.55556,43881467900.0,40471035680.8807,59344514188700.0,4838841455.55556,43549573100.0,41670168443.0056,2.90411467784939,61644567479500.0,268.324428202124,2414.91985381912,2310.70272156126,-0.139501725040418,3418327.1910497,836022400.0,7524201600.0,17.277325733418,60703753990892.8,4997724027.88509,4796438866.66667,43167949800.0,41393058103.7841,2.71790691958094,61113111787033.7,280.0,2393.75800036687,2295.33634223194,-0.32020197771314,3388856.80105954,-42402600.0,-381623400.0,0,0,0,0,0,-940813488607.24,9.0,9.0,65575.0,91109.0,119.4,126.1352,231.238,284.217,44.056,11.251,84.3,59.954,58.200756097561,56.531,6.736,59.5974,52.778,46.8940055501003,49.8815374545264,3.22445699537328,100.474975518073,6.46422937206538,94.0107461460071,3.0023434396411,18033548.0,50.3016599950271,9209372.0,0.480937639558336,51.068,5.7034230651709,8824176.0,48.932,19.7195962869266,6.28924271519749,5.50026881149243,2.64603259817192,79.9188768084185,3.62561377807272,0.0,508200000.0,91.90970834998,0.0998801438274071,0.0,4.79424690371554,0.0,0.0,0.0998801438274071,3.19616460247703,500600000.0,4.79424690371554,3.0962123264814,74.498053367406,18.3154118487057,3.27149290364661,0.365102307892799,0.0,446000000.0,94.4978751957057,0.134198165958399,0,2.30373518228584,0.0,0.0,0.134198165958399,3.0641914560501,447100000.0,2.30373518228584
4454.0,14200.0,27.8104191147669,285000.0,0.191982281045893,5.58166862514689,108450.0,3.91696043869957,51060.0,156.280701754386,134717.0,18.08,16.67,22.33,51100.0,1242.2,7030000.0,180000.0,0,0,0,0,20000.0,0,0,0,10000.0,0,0,7030000.0,7000000.0,10120000.0,64420000.0,10120000.0,10.518749051593,2.01148977283837,64420000.0,6.81705503222608,0.0,0.0,0.150251575566155,601.388,601.388,100.0,0.405108210644306,0.0,0.0,29.0738738738739,262364.0,51.0704066338349,274348.0,18.4806859089047,0,2400.0,2400.0,26.7111184171179,15619750.6799404,13530000.0,10.6593228576057,1079100000.0,119200000.0,14.3042280900697,682200000.0,20.0399482944659,6.56764697082003,10.5135266483071,0.269802826321563,2.93161847051355,0.188193180253825,2.71429378834454,31.6990738853095,26.7111184171179,0,0,0,0,0,1000000.0,62089162.7081373,412898800.0,1226834428.04055,10.0894685103509,35537870800.0,12.1290979226722,376927425.101998,2506603000.0,2992460924.07925,7.79902644240931,182617423900.0,73.6326510037423,376927470.214139,2506603300.0,2992460948.40319,7.79902644240931,182617423900.0,2015.78764496561,4.02816056586006,439016587.810135,2919501800.0,4085813557.86117,7.04821081168625,221180452800.0,85.7617489264146,0,0,0,0,1.3869974849629,535225746.811485,3559301800.0,4276433791.53103,256619196400.0,104.556177127528,117110967.210209,778799000.0,415338840.774281,2.53017072869879,34388381700.0,22.8775896977158,93352056.7490426,620800000.0,570064629.098931,3.26617845867945,38170083300.0,18.2362941970161,2857102.2523064,19000000.0,-1254074800.0,96209159.001349,639800000.0,519014776.425071,1.42483012284127,35438743600.0,18.794428201113,140434154.540518,933900400.0,689232241.404655,10.784332309539,50717458400.0,27.4337668252433,-23323187.3303092,-155101400.0,-16329076736.0,-4.55617712752751,50.3113565229591,125231302.932672,832800000.0,421102552.746949,-0.291076171687735,35550220300.0,0,0,0,0,0,0,0,109321950.087351,727001300.0,648637077.806732,9.62748796712802,46176116700.0,0,5.02944062806673,57.920346745175,1.43114164213281,22.5343473994112,13.0847235852143,277349291.423772,1844399000.0,2634708741.37615,5.4496807622649,139980374000.0,0,42294345183.3425,1.95055392853382,1.41670427575221,-300.0000005,0,0,0,0,0,511902559.481175,3404200400.0,4002540390.90066,4.78471157517966,240290119700.0,344.828845762901,2293.14441378716,2696.19941832781,1.11928799666529,161864.720325602,72885971.6710398,484698600.0,14.2382510735854,248196083183.342,521310750.789171,503109691.96328,3345727000.0,3928123473.578,5.09254199625329,236074286532.749,350.0,2253.75544286607,2646.07054276288,1.41635034989176,159024.842192417,-8792882.55527568,-58473500.0,51337510.9982014,341399300.0,0,0,0,7905963483.34247,6.6500945091,6.625000005625,0,0,0,116.2062,176.85,208.699,42.597,8.931,0,64.109,62.649756097561,61.26,6.201,66.78269,61.54726,44.7930363648122,52.1411750123946,3.06578862279322,91.7870089736733,5.87978430111028,85.907224672563,3.56069901273754,1484512.0,49.1713775301244,970782.0,3.25231661659558,65.394,4.14605037891765,513730.0,34.606,42.7620444449155,0,0,0,0,0,0.0,123900000.0,88.2831570382425,0.406834825061025,0.16273393002441,6.83482506102522,0.0,0.244100895036615,0.0,4.47518307567128,122900000.0,6.83482506102522,0,0,0,0,0,0.0,95000000.0,91.3661202185792,0.0,0,5.3551912568306,0.0,0.0,0.0,3.27868852459016,91500000.0,5.3551912568306
18000.0,40380.0,37.5977653631285,1592000.0,0.208968886869206,14.8230912476723,263000.0,1.96461824953445,107400.0,113.065326633166,356900.0,57.21,73.72,108.92,109890.0,1357.0,0.0,-170000.0,0,0,0,0,0,0,0,0,0,0,0,0,0,-170000.0,-1260000.0,-170000.0,0,0,-1260000.0,-0.0223145168139228,0.0,0.0,0,13039.852,12449.465,95.4724409448819,1.71163527473567,187.017,1.43419572553431,70.9344413407821,1531032.0,34.0834276303297,1531032.0,20.0966113568552,0.0,35612.0,35612.0,0,0,0,0,0,0,0,0,0,0,0,0,0,0,0,0,0,92.0,8.0,519.0,45.0,564.0,290000000.0,0,0,0,0,0,0,0,0,0,0,0,0,0,0,0,0,0,0,0,0,0,0,0,0,0,0,0,0,0,0,0,0,0,0,0,0,0,0,0,0,0,0,0,0,0,0,0,0,0,0,0,0,0,0,0,0,0,0,0,0,0,0,0,0,0,0,0,0,0,0,0,0,0,0,0,0,0,0,0,0,0,0,0,0,0,0,0,0,0,0,0,0,0,0,0,0,0,0,0,0,0,0,0,0,0,0,0,0,0,0,0,0,0,0,0,0,0,0,0,0,0,0,0,0,0,0,0,0,0,0,0,0,0,0,0,0,0,0,0,0,11468.0,12567.0,47.0,122.0792,161.772,198.399,34.723,8.334,41.8,67.447,65.7680243902439,64.169,4.606,72.244,66.4028,36.2384077725925,58.9581824642288,4.80340976317866,69.6117414417788,8.14714694791175,61.4645944938671,2.229273306668,7618359.0,49.0447089721028,3126346.0,1.77460781520904,41.037,2.5469353379837,4492013.0,58.963,0,0,0,0,0,0,0.0,867000000.0,0.0,0,0,0.0,0.0,0.0,0,100.0,4900000.0,0.0,0,0,0,0,0,0.0,544000000.0,0.0,0.0,0,0.0,0.0,0,0.0,100.0,8600000.0,0.0
1620.0,47200.0,17.0495593122381,1710000.0,0.345194080829919,6.17685305591677,598034.0,2.925877763329,276840.0,9.47368421052632,589936.0,43.96,28.27,12.8,283560.0,986.5,9160000.0,1710000.0,460000.0,0,0,0,130000.0,0,0,0,30000.0,0,0,14620000.0,14000000.0,17560000.0,111980000.0,17560000.0,14.3793653652103,1.72060559257793,111980000.0,3.54480003472128,0.0,0.0,0.159693140257679,1796.83,1668.485,92.8571428571429,0.362722269156505,0.0,0.0,17.893855656697,536214.0,30.4006005124085,900741.0,18.1830679275335,0.0,49700.0,49700.0,17.1126791826779,51632719.999466,32900000.0,-2.15485756035743,232944444.443333,45611111.1111111,5.73411249112043,158333333.333333,15.2552817237839,3.068001556518,4.09057706811216,0.0133598516115069,5.93950905922395,0,1.54158636366658,22.4439986903581,19.4357641890365,0,0,0,0,0,3000000.0,115217228.295341,115162000.0,1644037324.99478,-0.615392167377919,1291709500.0,11.0957605507857,828711835.228325,828314600.0,7184031095.55321,2.68902019214458,6091792300.0,79.8074057616212,827717958.823013,827321200.0,6922731122.02561,3.76258763677721,5870219600.0,1397.47707982474,0.812443123490453,943929063.523667,943476600.0,8895188936.74732,3.51333884371176,7447188700.0,90.9031663124069,942935187.118354,942483200.0,0,0,11.2777492060157,1066048500.32778,1065537500.0,11631076393.0077,9448139700.0,102.663629998461,168697563.59135,168616700.0,1256791211.70936,-5.68927649960185,1032036400.0,16.2460753379037,0,0,0,0,0,0,0,0,0,122119436.804109,122060900.0,2686827578.67325,4.71697960156439,2000951000.0,11.7604636860544,196356421.604946,196262300.0,1636100640.27109,-4.29292645043294,1343402100.0,18.909705336365,-27658858.0135956,-27645600.0,145895075.036993,-2.6636299984613,35.1557806742687,309121374.42509,308973200.0,0,0,0,33.2880332607541,0,0,0,0,0,0,216103587.223162,216000000.0,0,0,0,23.2713231578755,7.75305085781693,49.8923269218618,0.0,25.8434938141638,16.5111284061575,403401166.557218,403207800.0,0,0,0,43.4406435813704,1154169847.57169,4.28214393033728,11.3595006289966,993400.00000009,285259600.0,928626128.20547,928181000.0,0,0,1038389642.31418,1037891900.0,11251766964.446,3.87565836393848,9136774000.0,209.617519369563,209.517041182058,2271.3703830435,0.922299060109722,1844.42122963784,94460578.7905138,94415300.0,9.09683368759309,9258907447.57169,1030339811.20649,1020570901.06806,1020081700.0,11057364562.2083,4.70748758208788,8978850644.24298,210.0,205.921733802878,2232.12678155135,1.73047797751194,1812.5415760518,-17818741.2461202,-17810200.0,109763514.108711,109710900.0,0,0,0,122133447.571693,0.9995206594,0,23121.0,33425.0,164.3,129.2536,250.074,276.968,43.583,14.358,112.3,56.267,54.9101951219512,53.618,6.646,55.39325,51.14422,44.3478910357538,51.0588071424895,4.59330182175673,95.8525974195416,8.99610092522965,86.8564964943119,2.88436866667234,4953735.0,49.9362602157766,3189908.0,2.04003654594883,64.394,4.42969974634238,1763827.0,35.606,23.9252193855023,3.23244040326712,9.79118415129886,13.127475870688,71.6583866310479,1.75629489530737,0.0,128480000.0,90.4498816101026,0,0,3.47277032359905,0.0789265982636148,0.394632991318074,0.15785319652723,6.07734806629834,139370000.0,3.47277032359905,1.83222716957636,95.7393432460993,0.134780228190053,1.97443871435733,0.319211424927585,0.0770416024653313,119957000.0,91.9106317411402,0,0,4.23728813559322,0.0770416024653313,0,0,3.85208012326657,129800000.0,4.23728813559322
2250.0,26700.0,24.9160134378499,1100000.0,0.245704471575678,10.2650242627846,778597.0,4.10600970511385,107160.0,20.4545454545455,666711.0,23.88,21.09,28.72,108890.0,856.3,6110000.0,580000.0,0,0,0,0,110000.0,0,0,0,0,0,0,10110000.0,10000000.0,11910000.0,73400000.0,11910000.0,8.93473368342086,0.953868408927471,73400000.0,2.6603093240603,0.0,0.0,0.209016214830843,1521.805,1444.798,94.9397590361446,0.339922084878386,0.0,0.0,41.777930197835,705858.0,47.6533433249957,705858.0,15.7665878997696,0,2500.0,2500.0,10.6192587899905,56735259.9993405,33600000.0,0.996677740863787,158400000.0,42400000.0,11.2956810631229,167700000.0,13.2800126702566,2.9558338148437,11.4285714285714,1.78407262219217,0.151450899376401,0,1.92429521697814,12.5435540069686,10.6192587899905,42.0,74.0,907.0,100.0,1007.0,7000000.0,83400000.0,83400000.0,427053651.413569,-1.08401181744598,2139390800.0,6.60437123851758,1066900000.0,1066900000.0,6481397138.59499,6.50960339270073,30824319000.0,84.4868546088058,1066900000.0,1066900000.0,6481397138.20103,6.50960339270073,30824319000.0,1447.73478083072,3.64652272084392,1150300000.0,1150300000.0,6730993970.87481,6.99039812672937,32351049700.0,91.0912258473234,1150300000.0,1150300000.0,6891341726.10379,32963709800.0,3.35400732018107,1283600000.0,1283600000.0,7994781274.47676,38270638000.0,101.64713335445,180400000.0,180400000.0,2177632400.41129,37.1463737568793,10622475300.0,14.2857142857143,125000000.0,125000000.0,1229676448.45643,18.4912528955777,5738466800.0,9.89863794741844,8300000.0,8300000.0,181121500.0,133300000.0,133300000.0,1263044456.31454,25.5058997493884,5919588300.0,10.555907507127,201200000.0,201200000.0,2891614904.17258,29.4902901109414,13760107500.0,15.9328476401647,-20800000.0,-20800000.0,-3137632512.0,-1.64713335445043,30.218561925879,0,0,0,0,0,0,0,0,1509824002.38001,9.19921287623488,7061678100.0,0,0,0,0,0,0,0,0,0,0,0,0,0,0,3990649077.65481,7.3681146693902,19105472500.0,0,12337591416.501,0.805342858638596,3.5943409089125,-1.1e-07,0,0,0,0,0,1262800000.0,1262800000.0,7280798770.71547,9.54104392925011,35133005800.0,282.068733368879,282.068733368879,1626.29528600681,6.59647521752072,7847.5787499584,112500000.0,112500000.0,8.90877415267659,36848121916.501,1251542612.42158,1248599900.0,1248599900.0,7191520288.94092,9.44215331796059,34709628667.9777,280.0,278.896889671768,1606.35335674545,6.50024288106081,7753.00997313952,-14200100.0,-14200100.0,80600000.0,80600000.0,0,0,0,1715116116.50099,1.0,1.0,28121.0,41017.0,205.7,151.1436,350.24,387.145,45.785,17.773,138.0,48.178,47.2826829268293,46.43,6.464,41.622,38.4242,45.6048719176095,51.6348393751691,2.76028870722146,93.6676887351556,5.3457873416933,88.3219013934623,2.7248863745913,4476923.0,49.3740231851207,2995688.0,1.74040411661188,66.914,4.74605034407509,1481235.0,33.086,25.5479885967691,0,0,0,0,0,0.0,171110000.0,83.1515151515152,0,0,11.2727272727273,0.0,0.303030303030303,0,5.57575757575758,165000000.0,11.2727272727273,0,0,0,0,0,0.198675496688742,151510000.0,86.158940397351,0,0,11.7880794701987,0.0662251655629139,0.0,0,2.05298013245033,151000000.0,11.7880794701987
3260.0,13590.0,6.90864724721671,350000.0,0.56553134901848,1.77926897463271,81519.0,0.0508362564180774,196710.0,93.1428571428571,164495.0,64.75,61.8,37.94,214970.0,2017.9,2580000.0,560000.0,0,20000.0,0,0,0,0,4570000.0,0,0,0,0,5590000.0,1000000.0,6150000.0,54930000.0,6150000.0,20.7129344607618,3.85056854877571,54930000.0,9.93719370418186,0.0,0.0,0.695109806754551,616.056,616.056,100.0,0.995425659288368,0.0,0.0,3.14618982258147,0,0,0,0,0,9200.0,9200.0,9.52538997676734,16900000.0,16900000.0,-2.0891364902507,31900000.0,54000000.0,-0.139275766016713,84100000.0,27.9123796880186,2.90285266472793,17.1309192200557,0,0,0,1.0620643876535,10.5874543644208,9.52538997676734,0,0,0,0,0,0,21349946.3405567,36600000.0,0,0,0,12.1473614337869,95199760.7316625,163200000.0,0,0,0,54.1652837703286,95199760.7316625,163200000.0,0,0,0,0,0,116549707.072219,199800000.0,0,0,0,66.3126452041155,116549707.072219,199800000.0,0,0,0,146241299.114141,250700000.0,0,0,83.206106870229,110599722.02649,189600000.0,0,0,0,62.92731496847,23274941.5024101,39900000.0,0,0,0,13.2426153335546,6416650.53951156,11000000.0,0,29691592.0419217,50900000.0,0,0,0,16.8934616661135,81083129.544737,139000000.0,0,0,0,46.133421838699,29516592.4817532,50600000.0,0,16.793893129771,109.060736807169,42991558.6147275,73700000.0,196662335.847784,-10.2097204539485,34709429500.0,26.9864518491395,23158275.1289645,39700000.0,34810866.62122,-10.7879207180539,5396712200.0,14.536799707067,52091535.7434893,89300000.0,424465730.557864,-17.0269079227632,47607795300.0,32.6986451849139,0,0,0,0,0,64224838.5818385,110100000.0,231898390.325303,-9.93793503154903,39078641300.0,40.3149029659465,0,2.77498341503471,0.2235372273412,0.0,0,159307932.940055,273100000.0,774538222.568396,121708106600.0,175757891.595894,301300000.0,886271484.03552,-12.2786572606378,134787392500.0,283.990278671056,486.841701312194,1432.04087989491,-14.8764768460016,217789.988317738,59208184.5236749,101500000.0,33.6873547958845,0,157436710.413045,159716673.579422,273800700.0,0,0,0,250.0,442.408226380583,0,0,0,-16041218.0164719,-27499300.0,16449958.6558387,28200000.0,13189940000.0,0,0,0,1.71429002285004,1.71429000071429,1478.0,1999.0,82.8,124.0908,228.466,310.33,36.817,9.288,61.0,63.439,60.8309024390244,58.347,5.548,63.50358,52.86618,47.0759605549963,49.4516769620302,3.47236248297347,102.217611501389,7.02172847573926,95.1958830256494,3.00618153650217,618887.0,50.1240129458205,438611.0,2.94975653423402,70.871,3.14359651710851,180276.0,29.129,97.3314475080995,0,0,0,0,0,0,69130700.0,0,0,0,0,0,0,0,0,0,0,0,0,0,0,0,0,101937000.0,0,0,0,0,0,0,0,0,0,0
64000.0,981090.0,50.468890660768,19260000.0,0.459228781770477,9.90766223411096,8440920.0,0.694462306129273,1943950.0,28.7511230907457,9539077.0,32.51,26.23,22.64,1964380.0,1130.1,11420000.0,2890000.0,200000.0,13770000.0,0,0,4400000.0,0,0,1490000.0,10000.0,0,0,1870000.0,-18000000.0,15630000.0,178970000.0,15630000.0,0.501583973053623,0.0946892753899924,178970000.0,0.372676316670434,11668.394,17.5830248107421,0.396921819501832,66361.699,42812.225,64.5134552688291,1.58230540955291,4081.371,6.15019063933249,21.5745672471,6329698.0,28.3343905892747,10464446.0,24.9510632839197,120.0,245480.0,245600.0,24.3358394209461,548302679.951029,408999999.955,5.38734600125287,59790000.0,6850000.0,9.9603257465024,55880000.0,26.3953165147994,8.15316083041054,16.6840676550428,0.0133353849405649,0.594055008462369,0.0539626605930341,3.90639347847873,28.2422328994248,24.3358394209461,4111.0,750.0,2820.0,3332.0,6152.0,60000000.0,1104168223.54661,13802103.0,12281123654.4411,12.3762137251574,139017011200.0,6.51952178337264,12993073486.3881,162413421.0,87981644398.5571,6.5523261693408,1018519617536.0,76.7171376797848,12670795331.1905,158384944.0,79466999513.4557,6.55816122589015,914334875648.0,1894.78366446103,3.27987502554446,14097241709.9347,176215524.0,143067829151.92,6.60946915985102,1650810413240.46,83.2366594631574,13774975794.7369,172187200.0,92386946592.6207,1060439326720.0,0.0106251095796888,17213369983.5008,215167128.0,173768061192.028,2025081495736.46,101.635727400508,1411095978.97303,17638700.0,5020102893.38102,2.71480010229455,58138927104.0,8.33176573746587,2792047638.39525,34900596.0,18892723952.1824,11.3669075666822,221213360128.0,16.4855454183096,324080075.170831,4051001.0,177407475712.0,3116128273.56607,38951604.0,31979886378.064,17.1645852116043,374271082496.0,18.3990679373502,1688128294.84493,21101604.0,11597307499.8745,10.3890266702278,130355388416.0,9.96749313797348,-277032315.871897,-3462904.0,-72216461312.0,-1.63572740050761,18.2992588754393,0,0,0,0,0,0,0,0,0,0,0,0,0,0,0,0,0,0,0,0,0,0,0,0,0,0,0,0,0,108963261259.822,2.92513328699427,0.0108406991916056,4028477.0,0,16257371917.7463,203217152.0,0,0,16936337667.6289,211704224.0,167190856585.534,8.106886929974,1952865034424.46,403.824180413223,5.0478023303834,3986.44098613382,4.78095382914307,46563.4387705559,2839095957.69418,35488700.0,16.7633405368426,2003689368580.28,16308434367.3958,16506621194.0322,206332768.0,162876821503.238,8.09780652428597,1902310675810.9,390.0,4.91972719044499,3883.57862500413,4.77215278421279,45358.0381205406,-429716473.596726,-5371456.0,679367989.876629,8492100.0,0,0,0,50824334155.8217,0.0125000001862645,0.0125000000125,163161.0,230074.0,129.7,116.91,234.206,302.14,44.45,11.319,90.8,60.768,58.6429024390244,56.619,6.754,59.7438,51.8536,46.6764568711212,49.8348302379501,3.48871289092864,100.662868765726,7.00055136993708,93.6623173957885,3.12484143972581,41939880.0,50.1637248365994,19600603.0,1.34974120129623,46.735,4.70870681533488,22339277.0,53.265,13.1338902403415,4.84970961786169,7.94827401787305,2.87868644472495,80.1072492443192,3.61061020098142,0.016198266785454,1239680000.0,97.1734024459383,0.85850813962906,0.210577468210901,1.08528387462542,0.016198266785454,0.153883534461813,0.477848870170892,0.882805539807241,1234700000.0,1.08528387462542,17.7336746879766,31.623766886284,4.02615154640904,15.3142096781123,29.1087788550121,0.0102986611740474,984720000.0,79.5262615859938,1.06076210092688,0,4.04737384140062,0.0102986611740474,0.0308959835221421,0.267765190525232,15.3656024716787,971000000.0,4.04737384140062
800.0,16440.0,22.1146085552865,438000.0,0.353561119255035,5.89184826472962,197400.0,1.69491525423729,74340.0,18.2648401826484,186997.0,68.67,45.0,24.29,75420.0,947.3,11000000.0,480000.0,0,0,0,0,0,0,0,120000.0,0,0,0,18120000.0,18000000.0,19030000.0,114240000.0,19030000.0,0,2.93124587962022,114240000.0,15.3613426927473,0.0,0.0,0.341820771283727,1184.441,1114.768,94.1176470588235,0.956101108793501,0.0,0.0,16.6642991659941,326833.0,61.1597853261276,326833.0,26.3825208423473,0,14000.0,14000.0,11.6980228822105,7429999.99987,7429999.99987,0.575373993095512,114400000.0,-300000.0,19.4476409666283,110700000.0,18.6864521365181,14.8990578737466,27.3878020713464,26.2721033258698,0.449887528120228,0,-1.53610401483573,19.311021900792,20.8471259156277,0,0,0,0,0,0,0,0,0,0,0,0,0,0,0,0,0,0,0,0,0,0,0,0,0,0,0,0,0,0,0,0,0,0,0,0,0,0,0,0,0,0,0,0,0,0,0,0,0,0,0,0,0,0,0,0,0,0,0,0,0,0,0,0,0,0,0,0,0,0,0,0,0,0,0,0,0,0,0,0,0,0,0,0,0,0,0,0,0,0,0,4.29730757152538,45.2539543493711,1.85114787696478,41.9863477844074,6.61124241773135,0,0,0,0,0,0,0,2.22588883503363,20.2114490961023,0,0,571105500.0,571105500.0,0,0,592407800.0,592407800.0,3465093696.76911,8.42261614558375,2931050600.0,478.201746172176,478.201746172176,2797.08311815812,5.23231534116049,2365.9943623953,0,0,0,0,649201517.865683,649212000.0,649212000.0,0,0,0,520.0,524.055071584018,0,0,0,-38755900.0,-38755900.0,22385000.0,22385000.0,0,0,0,0,1.0,1.0,3068.0,4099.0,84.2,140.982,210.607,234.961,40.718,9.117,61.9,63.52,62.3767804878049,61.288,5.765,64.32265,60.007,44.2549546989726,52.0860106036047,3.65903469742272,91.9901310181727,7.02498550958227,84.9651455085904,2.98662700909145,1238824.0,49.0293213563832,704432.0,1.86212099245687,56.863,4.48853143089562,534392.0,43.137,38.7505026098576,0.429124025362088,11.7924969947815,23.1964609343214,63.8547240885481,0.648916725489886,0.501882057716437,181000000.0,86.5746549560853,0,0,3.01129234629862,0.0,0.188205771643664,0,10.4140526976161,175340000.0,3.01129234629862,0.62817870185737,48.3156586856731,48.6202671196859,2.00437580147108,0.426369436489224,0.0,48561000.0,96.3503649635037,0,0,0.97323600973236,0.0,0.0,0,2.67639902676399,41100000.0,0.97323600973236
7700.0,174300.0,13.6171875,2200000.0,0.200701744526932,1.71875,724960.0,0.140625,1280000.0,35.0,1014480.0,34.99,30.09,27.31,1285220.0,1399.4,19180000.0,1780000.0,-40000.0,0,0,30000.0,260000.0,0,0,-280000.0,40000.0,0,0,8010000.0,8000000.0,11880000.0,75680000.0,11880000.0,0.917366416936014,0.345281945408661,75680000.0,1.08378942044543,139.346,1.36151916875672,0.320717562769722,10234.597,9402.188,91.8667144392691,0.933682487468229,319.029,3.1171623074167,8.56370234375,2053037.0,37.7366609373412,2053037.0,18.7294594308336,0,6822000.0,6822000.0,11.3894468233937,135311199.98898,77779999.99062,3.84615384615384,15.0,3.95157159973905,6.41025641025641,18.1,19.2662605143389,4.99125818397414,16.025641025641,4.88480170738672e-08,6.07014388428586,0,2.76752913465641,18.4147130882908,15.0085233840982,0,0,0,0,3435.0,18000000.0,322506178.671642,8.6431655884,2457847973.62955,5.39688141203072,6556248000.0,9.20008176213721,2000727368.82836,53.6194934846,23832630565.76,8.89228852109237,61455206900.0,57.0744270785193,2041429832.79851,54.710319519,18845542771.7411,11.1005650636141,48595421600.0,1719.24241402061,7.94977580312522,2323233547.5,62.262659073,26241392245.2442,8.54526875682886,68011454900.0,66.2745088406565,2363936011.47015,63.3534851074,21279600577.3096,55151669600.0,1.20470977060472e-07,3618244982.48134,96.9689655305,31022833074.0022,80491557300.0,103.217091255059,664288179.197761,17.8029232025,6231487357.79126,-6.21117623101676,16593931100.0,18.9500417865267,1053950608.66791,28.2458763123,3138957145.73313,-4.12253336674831,8270840800.0,30.065879087766,241060826.317164,6.4604301453,4209261600.0,1295011434.98134,34.7063064575,4733273132.91386,-3.45253307104613,12480102400.0,36.942582414402,777062373.376866,20.8252716065,5342762762.1297,6.12801497230915,14926910400.0,22.1671330415853,-112774194.179104,-3.022348404,1667020679.8761,-3.21709125505858,41.117174828112,615175802.317164,16.4867115021,0,0,0,18.8523075692741,603668511.802239,16.1783161163,0,0,0,18.4996620665427,936672936.623134,25.1028347015,0,0,0,28.7047153456313,0,0,0,0,0,1711283904.40299,45.862408638,0,0,0,52.4429770849802,12760584568.7436,5.6290799198119,1.14347910362446e-07,-1.0908260344,12859785300.0,3263132643.34702,87.4519548417,0,0,3505470788.30224,93.9466171265,31911557669.6638,3.72054639929698,82158578000.0,319.797319363845,8.57056815895104e-06,2911.22967948787,0.77905295594833,7495.16815111455,1182237240.80224,31.6839580535,33.7254911593434,78325231468.7436,3319916779.63886,3440666434.48134,92.2098604441,0,3.93602128088557,80716938922.4584,300.0,8.41212720623445e-06,0,0.988417014046306,7363.65020664145,-64804353.8208955,-1.7367566824,242338144.958955,6.4946622849,0,0,0,-3833346531.25638,2.68e-08,2.6819999999e-08,61605.0,99414.0,206.6,126.2908,274.61,337.371,46.556,17.503,125.4,50.628,49.2486585365854,47.935,6.948,49.1447,42.58366,44.3727381711637,52.1346135793523,3.49264824948395,91.8111464426478,6.69928864854422,85.1118577941035,2.87697026136233,10961539.0,49.740707030281,5521108.0,0.681583339523789,50.368,5.15530695443213,5440431.0,49.632,31.3284596084705,2.85719718496228,16.0917859216741,3.12514398525961,76.604971672094,1.10645599370551,0.0359130903214222,556972000.0,93.8049919195547,2.08295923864249,0.1616089064464,1.68791524510684,0.0538696354821332,1.74178488058897,0.125695816124978,2.424133596696,556900000.0,1.68791524510684,19.9552702036491,40.186402601759,1.82057081430338,0.880283994692665,36.9264247824653,0.390770375883885,541238000.0,88.6676590993673,0.688500186081131,0.0558243394119836,3.29363602530703,0.390770375883885,0.0558243394119836,0.148864905098623,7.35020468924451,537400000.0,3.29363602530703
4100.0,106400.0,26.7807701988422,729000.0,0.354069811493038,1.83488547696954,116100.0,0.279385854517996,397300.0,56.241426611797,147800.0,17.14,20.96,31.08,406750.0,1273.0,7660000.0,460000.0,0,0,0,0,660000.0,0,0,0,-410000.0,0,0,8250000.0,8000000.0,10220000.0,63950000.0,10220000.0,0,0,63950000.0,4.96377705549911,0.0,0.0,0.182014646518497,410.704,403.37,98.2142857142857,0.199475840685098,0.0,0.0,5.18227032469167,429145.0,58.0333477578839,429145.0,20.84324955462,0,700.0,700.0,6.93379316628964,3220192.87817771,3139999.99818,7.88201160541586,6448000000.0,-178940000.0,12.2823984526112,4929000000.0,11.3468348328824,0,19.1731141199226,0.504163020264689,2.0979020979021,0,1.98667446962416,14.8436581461606,10.195806750829,0,0,0,0,0,0.0,0,0,0,0,0,0,0,0,0,0,0,0,0,0,0,0,0,0,0,0,0,0,0,0,0,0,0,0,0,0,0,0,0,0,0,0,0,0,0,0,0,0,0,0,0,0,0,0,0,0,0,0,0,0,0,0,0,0,0,0,0,0,0,0,0,0,0,0,0,0,0,0,0,0,0,0,0,0,0,0,0,0,0,0,0,6.02976708967219,60.6035564875477,1.32814000744631,13.1085282635073,18.9300081518265,0,0,0,0,0,0,0,1.5530613498518,1.68113261570632,0,0,0,0,0,0,0,43439426700.0,2256433797.25633,4.7102913395744,2583938131600.0,0,21098.2025007334,1095.93290705222,1.98542412804996,1254999.29652302,0,0,0,0,0,0,0,0,0,0,0,0,0,0,0,0,0,0,0,0,0,0,0,0,126.0,5012.0,6735.0,82.7,97.12,160.223,213.44,41.083,7.912,60.9,66.425,64.4110487804878,62.493,6.447,70.381,62.3282,47.6908237150034,49.0143842682266,3.29479201676999,104.021740746062,6.72209202657643,97.2996487194859,2.63675042750914,2058916.0,50.6075041429568,1319436.0,2.41075337210086,64.084,3.0412644781119,739480.0,35.916,0,0.296132559218663,23.029057660715,18.0306447018362,53.4810881000904,1.77713024034908,0,38680000.0,83.9974346819842,0,0,1.59774698156875,0,0.0,0,14.404818336447,35863000.0,1.59774698156875,25.958733150736,63.4845396749119,0,10.5544951376935,0.00198817981068348,0.0,39460000.0,80.8678991763915,0,0,0.985344248426186,0.0,0.0,0,18.1467565751823,40189000.0,0.985344248426186
600.0,410.0,0.262820512820513,29000.0,0.0922010619018854,0.185897435897436,27948.0,0.0384615384615385,156000.0,206.896551724138,75608.0,45.21,48.27,45.99,163820.0,2705.3,6700000.0,790000.0,0,0,50000.0,0,0,0,0,0,0,13000000.0,0,13050000.0,0,13790000.0,175510000.0,13790000.0,34.0493827160494,18.5849056603774,175510000.0,43.8431946078275,0.0,0.0,0,531.715,531.715,100.0,1.69050646997107,0.0,0.0,2.01621794871795,0,0,0,0,0.0,5550.0,5550.0,0,17869541.5786435,8099000.0,0,0,0,0,0,0,0,0,0.00864375276635153,2.0576131687243,0,0,0,0,0,0,0,0,0,0,0,0,0,0,0,0,0,0,0,0,0,0,0,0,0,0,0,0,0,82200000.0,164400.0,0,0,0,74.7272727272727,85650000.0,171300.0,0,0,0,122700000.0,245400.0,0,0,111.545454545455,54350000.0,108700.0,0,0,0,49.4090909090909,0,0,0,0,0,0,0,0,0,40500000.0,81000.0,0,0,0,36.8181818181818,67050000.0,134100.0,0,0,0,60.9545454545455,-12700000.0,-25400.0,0,-11.5454545454545,110.363636363636,11050000.0,22100.0,0,0,0,10.3755868544601,0,0,0,0,0,0,44050000.0,88100.0,0,0,0,41.3615023474178,0,0,0,0,0,51400000.0,102800.0,0,0,0,48.2629107981221,0,0,0,0,0,106500000.0,213000.0,0,0,110000000.0,220000.0,0,0,0,349.728165834738,0.699456331669475,0,0,0,27800000.0,55600.0,25.2727272727273,0,0,74200000.0,148400.0,0,0,0,0,0.471815089180682,0,0,0,-35800000.0,-71600.0,3500000.0,7000.0,0,0,0,0,0.002,0.001885,0,0,0,139.3076,235.086,297.825,43.99,10.344,0,62.704,60.7704634146342,58.929,6.497,61.7046,53.92183,48.247861889168,47.7312180078212,4.02092010301084,109.506491084334,8.42408861712261,101.082402467212,2.64165088628033,314530.0,50.1459320255619,165531.0,2.571273027115,52.628,2.71989555650242,148999.0,47.372,95.5440909090909,0,0,0,0,0,0,58435200.0,93.8775510204082,0,0,2.2108843537415,0,0.340136054421769,0,3.91156462585034,58800000.0,2.2108843537415,0,0,0,0,0,0,46663300.0,93.75,0,0,1.07758620689655,0,0.0,0,5.17241379310345,46400000.0,1.07758620689655
25960.0,161410.0,92.2237458576163,2338000.0,0.887243428023231,13.3584733173352,751016.0,0.302822534567478,175020.0,193.731343283582,596786.0,33.15,46.52,58.16,176220.0,794.6,1200000.0,540000.0,0,0,0,0,200000.0,0,0,-30000.0,0,0,0,8170000.0,8000000.0,12270000.0,79200000.0,12270000.0,4.64204762079135,0.803817769834,79200000.0,4.65632030019035,0.0,0.0,0.307578157328969,4319.726,4030.033,93.2937181663837,1.63928507457702,117.344,2.71646859083192,15.0561535824477,1307679.0,61.3417725556715,1307679.0,49.6248759073563,0,8100.0,8100.0,19.6738197424893,186186759.995103,14400000.0,9.82997850302912,8744.0,-2190.0,25.6009380496385,7833.0,33.618025751073,2.78006091559091,53.077975376197,6.19047639278891e-06,21.2546957175586,6.81173196095007e-06,5.42918454935622,37.5278969957082,31.2660944206009,0,0,0,0,0,0.0,198242257.549939,3000.0,1695327915.10114,-1.23871527936272,19580708000.0,12.8755364806867,1077116266.02134,16300.0,0,0,0,69.9570815450644,1070508190.76967,16200.0,9887652583.94518,-4.39754652987406,150570784000.0,3752.24755076231,-5.5309701240449,1275358523.57127,19300.0,0,0,0,82.8326180257511,1268750448.31961,19200.0,11648649601.7344,170580837900.0,1.14260384544874e-05,1539681533.63786,23300.0,14248670503.3956,203920195900.0,100.0,185026107.04661,2800.0,913976859.354789,4.37493849610546,14964763800.0,12.0171673819742,257714934.814921,3900.0,2498779523.68114,-15.8936663471261,37116583000.0,16.7381974248927,0,0,0,264323010.066585,4000.0,0,0,0,17.1673819742489,185026107.04661,2800.0,1118327579.08039,-23.2574901158933,20954889200.0,12.0171673819742,0.0,0.0,-5990125363.64005,0.0,24.0343347639485,0,0,0,0,0,0,0,0,0,0,0,0,0,0,0,0,0,0,0,0,0,0,0,0,0,0,0,0,0,20954889200.0,19.8987148074134,1.1771834335804e-05,100.0,0,0,0,0,0,1539681533.63786,23300.0,14044319783.67,0.170458854725908,197930070500.0,584.290984588931,0.00884207522367035,5329.65373358333,-1.01712114331612,75112.1275702736,264323010.066585,4000.0,17.1673819742489,203920195900.0,1600513031.31328,1526465383.13453,23100.0,13942456153.0175,-0.71539524235952,196179682552.361,610.0,0.00876617758226545,5290.99768702602,-1.89247291647381,74447.8759864267,-13216150.5033293,-200.0,0,0,0,0,0,5990125400.0,1.51329995787819e-05,1.46475e-05,3144.0,3484.0,59.6,62.753,127.897,219.737,21.661,9.525,53.6,71.657,68.4409268292683,65.378,2.874,77.1274,64.037,28.0539692948502,63.6462820781382,8.29974862701166,57.1183684810224,13.0404296307868,44.0779388502356,1.1926429036127,2635128.0,50.0743796885768,503336.0,0.0578309821251013,19.101,1.46247238182033,2131792.0,80.899,22.2195299823909,0,0,0,0,0,6.840022611645,176900000.0,78.8581119276427,17.6370830977954,0,14.5845110231769,0.960994912379876,1.41322781232335,0.282645562464669,3.5048049745619,176900000.0,0,0,0,0,0,0,0.0,165210000.0,82.335148215366,9.43738656987296,0,8.10647307924985,0.0,0.0,0.725952813067151,8.22746521476104,165300000.0,0
12050.0,193720.0,21.9624737826654,2903000.0,0.317950710739768,3.29119664418117,502522.0,0.656425372711298,882050.0,41.5087840165346,562385.0,38.58,27.02,19.93,912050.0,1119.1,26180000.0,430000.0,-110000.0,0,0,0,170000.0,0,0,4420000.0,10000.0,0,0,43490000.0,39000000.0,47720000.0,313480000.0,47720000.0,2.22285362632607,0.474750962676448,313480000.0,5.22652701222933,11569.385,20.5845892868794,0.475470122194789,56204.109,13124.193,23.3509493051478,6.15574798589232,451.041,0.802505382658054,10.3512794059294,1519164.0,25.606944649291,2722154.0,29.8143575281813,0.0,97307.0,97307.0,12.3372157753758,745526799.95103,343509999.96249,6.70794824399261,4753820.0,2130400.0,4.95563770794824,6288900.0,17.6067162025464,2.51831357961299,16.2458410351201,0,1.14994074121541,0.0149625822032608,-0.817217710493613,21.1640069435789,21.2524198771088,0,0,1850.0,1245.0,3095.0,37000000.0,1158226583.66418,3879673.25,6568809535.50816,16.1107418638264,1489631500.0,10.8617255595352,5738414542.05491,19221777.25,0,0,0,53.8142404791477,5809522731.94687,19459966.0,30432842911.6915,3.02212931307091,5388508600.0,3333.15330127593,-0.811502683667413,6896641125.7191,23101450.5,0,0,0,64.6759660386829,6966337458.80822,23334910.0,37063708899.222,6870364100.0,0,9043431154.30373,30292482.0,0,0,84.808334310411,3078798969.53336,10312951.0,0,0,0,28.8726488682865,1764631133.91961,5910926.5,11155136991.9066,2.63107325007277,2566308608.0,16.5485228544913,381747920.964917,1278728.375,439157056.0,2146790028.58463,7191031.5,12698441989.2718,-0.174512901229704,2986310656.0,20.1323682717282,1458854610.28976,4886677.0,0,0,0,13.6809831786975,1619944359.2436,5426274.0,0,15.191665689589,42.5536320469839,502444063.915728,1683020.25,5187830326.93974,5.56310793743613,649995328.0,5.08028826591291,0,0,10800737135.575,5.7204784529185,1937439104.0,0,0,0,0,0,0,0,8.68254560261144,27.8226399729002,12.9168905024072,40.3342309574239,10.2436929646573,0,0,0,0,0,0,0,3.94618172187108,0.213224038541475,-238188.75,0,9890069964.86725,33128440.0,113527271955.319,15430990848.0,10663375513.5473,35718756.0,118207446433.352,3.90095146830775,16751749120.0,1167.90486511106,3.91209226901149,12946.6557382768,0.0346169759384338,1834.73322040589,3766734387.82823,12617305.5,35.3240339613171,0,9891228627.04166,10051585726.33,33669464.0,0,0,0,1080.0,3.68764381985086,0,0,0,-611790085.754497,-2049293.0,867961229.219538,2907381.0,1269046400.0,0,0,0,0.0033496669,3.34966666566667,22967.0,29758.0,73.8,136.6278,229.642,288.324,45.607,9.111,55.3,62.82,60.9858292682927,59.239,6.581,61.19547,54.30167,46.5051488738762,51.1306252796991,2.36422584642466,95.5775026277723,4.62389386691766,90.9536087608546,3.79217597577576,9130346.0,49.0893663832674,3197721.0,0.854843360661004,35.023,5.41194573348589,5932625.0,64.977,33.582517988328,2.73863192480725,14.8978857488796,0.693175028029339,79.1611523208033,1.73068344524543,0.0418804313684431,1238120000.0,94.5764841377866,2.7222280389488,0.460684745052874,2.08355146058004,0.0418804313684431,0.0418804313684431,0.0628206470526646,2.70128782326458,955100000.0,0,0.0253810461449261,1.97386661621902,92.9111895427033,1.29830458944507,3.76672119170157,0.049856184084372,2342910000.0,69.614573346117,6.20901246404602,0,5.34228187919463,0.0460210930009588,0.0,0.782358581016299,24.176414189837,2607500000.0,0
